zipcode,bedrooms,beds,availability_30
10001,0,0,14.538461538461538
10001,0,1,14.621621621621621
10001,0,2,12.964285714285714
10001,0,3,16.75
10001,0,4,23.5
10001,0,5,0.0
10001,1,0,17.11111111111111
10001,1,1,11.86784140969163
10001,1,2,17.43617021276596
10001,1,3,13.615384615384615
10001,1,4,17.2
10001,1,5,20.5
10001,1,6,0.0
10001,2,0,0.0
10001,2,1,10.0
10001,2,2,11.214285714285714
10001,2,3,14.0
10001,2,4,13.666666666666666
10001,2,5,22.0
10001,3,0,0.0
10001,3,1,9.0
10001,3,3,19.25
10001,3,4,14.75
10001,3,5,15.0
10001,4,3,27.0
10001,4,4,27.0
10001,4,5,25.5
10001,4,6,18.0
10001,4,14,26.0
10001,5,7,30.0
10002,0,0,15.142857142857142
10002,0,1,4.523255813953488
10002,0,2,12.583333333333334
10002,0,3,12.5
10002,0,6,30.0
10002,1,0,10.555555555555555
10002,1,1,9.737579617834395
10002,1,2,11.830882352941176
10002,1,3,13.666666666666666
10002,1,4,16.571428571428573
10002,1,6,26.0
10002,2,0,7.333333333333333
10002,2,1,6.6875
10002,2,2,10.841269841269842
10002,2,3,14.428571428571429
10002,2,4,14.714285714285714
10002,3,0,0.0
10002,3,1,8.0
10002,3,3,14.137931034482758
10002,3,4,17.77777777777778
10002,3,5,26.75
10002,4,4,12.75
10002,4,5,16.666666666666668
10002,4,6,0.0
10002,5,1,30.0
10002,5,5,16.0
10002,5,6,0.0
10002,6,1,0.0
10003,0,0,9.0
10003,0,1,7.0
10003,0,2,7.333333333333333
10003,0,3,0.0
10003,1,0,8.5625
10003,1,1,8.484848484848484
10003,1,2,11.160714285714286
10003,1,3,12.5
10003,1,4,23.5
10003,1,5,0.0
10003,2,0,15.8
10003,2,1,7.4
10003,2,2,9.436781609195402
10003,2,3,13.571428571428571
10003,2,4,18.818181818181817
10003,3,0,17.0
10003,3,1,15.0
10003,3,2,0.0
10003,3,3,12.12
10003,3,4,14.529411764705882
10003,3,5,16.666666666666668
10003,3,6,17.0
10003,3,8,18.0
10003,4,3,0.0
10003,4,4,8.1
10003,4,5,14.0
10003,4,6,12.5
10003,4,8,0.0
10003,5,1,22.0
10003,5,5,30.0
10003,8,12,9.0
10004,0,0,14.0
10004,0,1,8.0
10004,0,2,7.0
10004,1,0,29.0
10004,1,1,8.076923076923077
10004,1,2,16.571428571428573
10004,2,2,5.142857142857143
10004,2,4,20.0
10004,3,3,21.0
10004,4,6,25.0
10005,0,0,7.25
10005,0,1,10.616666666666667
10005,0,2,11.5
10005,1,0,15.0
10005,1,1,9.742268041237113
10005,1,2,19.25
10005,1,3,11.875
10005,1,4,3.5
10005,2,1,14.0
10005,2,2,17.153846153846153
10005,2,3,18.8
10005,2,4,14.5
10005,3,1,0.0
10005,3,2,30.0
10005,3,3,17.928571428571427
10005,3,4,26.571428571428573
10005,4,1,0.0
10005,4,4,30.0
10006,0,0,10.545454545454545
10006,0,1,6.714285714285714
10006,0,2,0.0
10006,1,1,5.954545454545454
10006,1,2,3.0
10006,1,3,0.0
10006,2,1,0.0
10006,2,2,25.0
10006,2,3,0.0
10006,2,5,0.0
10006,3,3,19.0
10007,0,1,6.769230769230769
10007,0,2,0.0
10007,0,4,23.0
10007,1,1,3.3157894736842106
10007,1,2,19.2
10007,2,1,0.0
10007,2,2,7.0
10007,2,3,29.0
10007,3,3,0.0
10007,3,5,0.0
10007,4,4,0.0
10009,0,0,13.3
10009,0,1,6.337078651685394
10009,0,2,7.947368421052632
10009,1,0,9.0
10009,1,1,6.705278592375366
10009,1,2,10.606382978723405
10009,1,3,10.0
10009,1,4,30.0
10009,2,0,0.0
10009,2,1,4.857142857142857
10009,2,2,8.379310344827585
10009,2,3,13.212121212121213
10009,2,4,24.2
10009,2,5,4.0
10009,2,6,24.0
10009,3,0,0.0
10009,3,3,7.411764705882353
10009,3,4,15.466666666666667
10009,3,5,13.75
10009,3,6,24.5
10009,4,1,28.0
10009,4,4,22.75
10009,4,6,1.0
10010,0,0,6.0
10010,0,1,8.020833333333334
10010,0,2,11.2
10010,1,0,10.181818181818182
10010,1,1,8.35754189944134
10010,1,2,8.216216216216216
10010,1,3,16.333333333333332
10010,1,4,30.0
10010,1,6,30.0
10010,2,0,30.0
10010,2,1,0.0
10010,2,2,10.478260869565217
10010,2,3,8.88888888888889
10010,2,4,9.5
10010,2,5,25.0
10010,2,6,0.0
10010,3,0,29.0
10010,3,1,0.0
10010,3,3,14.6
10010,3,4,13.0
10010,3,5,18.0
10010,3,7,28.0
10010,4,4,21.0
10010,5,6,0.0
10011,0,0,15.1875
10011,0,1,7.034013605442177
10011,0,2,8.105263157894736
10011,0,3,0.0
10011,1,0,7.833333333333333
10011,1,1,7.707142857142857
10011,1,2,9.209876543209877
10011,1,3,14.88888888888889
10011,1,4,30.0
10011,2,0,24.5
10011,2,1,14.5
10011,2,2,7.327868852459017
10011,2,3,11.608695652173912
10011,2,4,11.285714285714286
10011,2,5,20.5
10011,3,2,0.0
10011,3,3,12.6
10011,3,4,8.0
10011,3,5,19.5
10011,3,6,0.0
10011,4,1,0.0
10011,4,4,26.0
10011,4,5,13.6
10011,4,6,0.0
10011,7,7,0.0
10012,0,0,6.5
10012,0,1,12.298507462686567
10012,0,2,6.75
10012,0,4,21.5
10012,1,0,16.0
10012,1,1,7.788697788697789
10012,1,2,8.338709677419354
10012,1,3,4.0
10012,1,4,29.0
10012,2,0,4.6
10012,2,1,5.2
10012,2,2,9.959183673469388
10012,2,3,10.608695652173912
10012,2,4,5.75
10012,3,1,30.0
10012,3,3,10.517241379310345
10012,3,4,30.0
10012,3,5,4.666666666666667
10012,3,6,0.0
10012,4,4,11.0
10012,5,7,14.0
10013,0,0,29.0
10013,0,1,5.970588235294118
10013,0,2,13.0
10013,0,3,14.0
10013,0,4,23.0
10013,1,0,12.0
10013,1,1,10.0
10013,1,2,13.7
10013,1,3,17.333333333333332
10013,1,4,28.0
10013,1,5,11.0
10013,2,1,9.666666666666666
10013,2,2,8.308823529411764
10013,2,3,13.473684210526315
10013,2,4,0.0
10013,2,5,3.0
10013,2,6,29.0
10013,3,0,21.0
10013,3,1,6.0
10013,3,2,26.0
10013,3,3,9.733333333333333
10013,3,4,8.5
10013,3,5,30.0
10013,3,6,29.0
10013,4,4,4.142857142857143
10013,4,5,23.0
10013,4,7,21.0
10013,5,5,23.5
10013,5,16,0.0
10013,6,6,23.0
10014,0,0,9.352941176470589
10014,0,1,7.263736263736264
10014,0,2,15.058823529411764
10014,0,3,18.0
10014,1,0,8.8
10014,1,1,8.634760705289672
10014,1,2,9.611940298507463
10014,1,3,13.625
10014,1,4,0.0
10014,2,0,13.5
10014,2,1,7.285714285714286
10014,2,2,10.238095238095237
10014,2,3,11.444444444444445
10014,2,4,5.0
10014,3,3,13.636363636363637
10014,3,4,15.666666666666666
10014,3,5,23.0
10014,4,0,29.0
10014,4,4,8.0
10014,4,5,14.0
10014,5,0,30.0
10014,5,6,30.0
10014,6,6,9.0
10016,0,0,13.75
10016,0,1,13.366863905325443
10016,0,2,13.770833333333334
10016,0,3,11.5
10016,1,0,9.1875
10016,1,1,10.668192219679634
10016,1,2,15.601398601398602
10016,1,3,15.714285714285714
10016,1,4,16.0
10016,1,5,29.5
10016,1,6,20.75
10016,2,1,10.0
10016,2,2,15.056603773584905
10016,2,3,17.536585365853657
10016,2,4,15.333333333333334
10016,2,5,16.2
10016,2,6,19.166666666666668
10016,3,2,0.0
10016,3,3,16.9
10016,3,4,16.4
10016,3,5,8.75
10016,3,6,23.666666666666668
10016,3,9,9.0
10016,4,4,21.6
10016,4,5,22.2
10016,4,6,22.5
10016,4,9,25.0
10016,5,7,11.0
10016,6,8,14.0
10016,21,1,20.0
10017,0,0,10.555555555555555
10017,0,1,14.72
10017,0,2,16.942857142857143
10017,0,3,6.0
10017,1,0,21.833333333333332
10017,1,1,10.230088495575222
10017,1,2,11.262295081967213
10017,1,3,0.0
10017,1,4,12.0
10017,2,2,13.478260869565217
10017,2,3,9.75
10017,2,4,0.0
10017,3,3,12.666666666666666
10018,0,0,21.833333333333332
10018,0,1,11.529411764705882
10018,0,2,11.0
10018,1,0,14.3
10018,1,1,16.552884615384617
10018,1,2,17.385964912280702
10018,1,3,18.5
10018,1,5,12.0
10018,2,0,29.0
10018,2,1,14.5
10018,2,2,13.863636363636363
10018,2,3,17.076923076923077
10018,2,4,21.285714285714285
10018,2,5,21.2
10018,3,3,24.285714285714285
10018,3,4,17.333333333333332
10018,3,5,17.0
10018,3,6,20.0
10018,4,8,26.0
10018,5,5,0.0
10018,5,6,26.0
10019,0,0,13.444444444444445
10019,0,1,8.916666666666666
10019,0,2,13.022727272727273
10019,0,3,24.857142857142858
10019,1,0,16.166666666666668
10019,1,1,11.894295302013424
10019,1,2,14.302788844621514
10019,1,3,13.318181818181818
10019,1,4,25.56
10019,1,6,23.333333333333332
10019,1,8,30.0
10019,1,12,24.0
10019,2,1,22.625
10019,2,2,15.068627450980392
10019,2,3,17.4
10019,2,4,25.25
10019,2,5,16.0
10019,2,6,19.0
10019,3,1,25.0
10019,3,3,14.95
10019,3,4,13.375
10019,3,5,25.0
10019,3,6,30.0
10019,3,8,0.0
10019,4,4,16.5
10019,5,5,30.0
10019,8,8,20.0
10021,0,0,0.0
10021,0,1,3.2777777777777777
10021,0,2,10.666666666666666
10021,0,3,0.0
10021,1,0,17.714285714285715
10021,1,1,7.689655172413793
10021,1,2,7.861111111111111
10021,1,3,8.0
10021,2,0,30.0
10021,2,1,5.0
10021,2,2,8.625
10021,2,3,0.0
10021,2,4,10.5
10021,3,3,10.6
10021,3,4,24.0
10021,3,6,8.0
10021,5,5,0.0
10021,13,24,30.0
10022,0,0,17.428571428571427
10022,0,1,13.594202898550725
10022,0,2,16.64516129032258
10022,1,0,17.583333333333332
10022,1,1,11.47872340425532
10022,1,2,16.238805970149254
10022,1,3,20.857142857142858
10022,1,4,13.5
10022,1,6,30.0
10022,2,0,21.0
10022,2,1,18.0
10022,2,2,19.422535211267604
10022,2,3,17.53846153846154
10022,2,4,23.5
10022,2,5,14.0
10022,3,3,15.166666666666666
10022,3,4,21.375
10022,3,11,20.0
10022,4,4,16.0
10022,4,5,22.0
10022,4,7,25.0
10022,4,9,25.0
10022,5,7,22.0
10022,6,8,24.0
10023,0,0,16.75
10023,0,1,8.14
10023,0,2,6.222222222222222
10023,1,0,17.875
10023,1,1,7.8861386138613865
10023,1,2,7.609375
10023,1,3,5.375
10023,1,5,25.0
10023,2,0,30.0
10023,2,1,7.125
10023,2,2,10.73913043478261
10023,2,3,16.523809523809526
10023,2,4,6.0
10023,2,5,24.0
10023,2,6,12.0
10023,3,2,18.8
10023,3,3,12.3
10023,3,4,14.8
10023,4,4,0.0
10023,4,5,19.0
10023,4,6,15.0
10023,4,9,18.0
10023,5,5,6.0
10024,0,0,21.8
10024,0,1,6.133333333333334
10024,0,2,10.136363636363637
10024,0,3,28.0
10024,1,0,15.3
10024,1,1,8.982532751091703
10024,1,2,9.735294117647058
10024,1,3,18.555555555555557
10024,1,4,27.75
10024,1,5,27.333333333333332
10024,1,6,30.0
10024,2,0,13.5
10024,2,1,0.0
10024,2,2,10.282608695652174
10024,2,3,9.952380952380953
10024,2,4,13.0
10024,2,5,0.0
10024,3,3,0.3333333333333333
10024,3,4,1.0
10024,3,5,0.0
10024,4,4,0.0
10024,4,7,0.0
10024,4,9,28.5
10024,5,4,0.0
10024,6,6,29.0
10024,6,9,0.0
10025,0,0,9.5
10025,0,1,3.459016393442623
10025,0,2,5.461538461538462
10025,0,3,0.0
10025,1,0,12.176470588235293
10025,1,1,7.949826989619377
10025,1,2,7.425925925925926
10025,1,3,11.6
10025,1,4,8.833333333333334
10025,2,1,2.1666666666666665
10025,2,2,9.555555555555555
10025,2,3,9.452830188679245
10025,2,4,4.7272727272727275
10025,2,5,0.0
10025,2,6,4.0
10025,3,0,30.0
10025,3,1,15.0
10025,3,3,6.071428571428571
10025,3,4,9.76923076923077
10025,3,5,7.0
10025,4,1,30.0
10025,4,4,9.727272727272727
10025,4,5,24.5
10025,4,10,4.0
10025,5,5,11.0
10025,5,7,21.0
10025,6,7,18.0
10026,0,0,3.0
10026,0,1,8.117647058823529
10026,0,2,14.5
10026,1,0,9.625
10026,1,1,10.725
10026,1,2,13.102941176470589
10026,1,3,17.444444444444443
10026,1,4,0.0
10026,1,5,30.0
10026,2,0,16.666666666666668
10026,2,1,4.666666666666667
10026,2,2,5.892857142857143
10026,2,3,10.666666666666666
10026,2,4,15.555555555555555
10026,2,5,20.0
10026,2,6,13.0
10026,3,1,0.0
10026,3,2,0.0
10026,3,3,7.222222222222222
10026,3,4,6.166666666666667
10026,3,5,0.0
10026,4,4,0.0
10026,4,5,30.0
10026,4,6,10.0
10026,4,9,8.0
10027,0,0,22.4
10027,0,1,10.0
10027,0,2,12.375
10027,0,3,16.666666666666668
10027,0,4,21.0
10027,1,0,13.294117647058824
10027,1,1,9.197777777777778
10027,1,2,12.290909090909091
10027,1,3,17.58823529411765
10027,1,4,17.833333333333332
10027,1,5,14.5
10027,2,0,29.0
10027,2,1,6.5
10027,2,2,11.151515151515152
10027,2,3,9.217391304347826
10027,2,4,9.444444444444445
10027,2,5,13.25
10027,2,6,9.666666666666666
10027,3,2,14.0
10027,3,3,12.722222222222221
10027,3,4,13.625
10027,3,5,17.0
10027,4,4,9.0
10027,4,5,11.0
10027,4,6,5.5
10027,5,6,19.666666666666668
10027,5,8,21.0
10028,0,0,7.0
10028,0,1,2.978723404255319
10028,0,2,9.666666666666666
10028,0,3,29.0
10028,0,4,0.0
10028,1,0,11.666666666666666
10028,1,1,8.488888888888889
10028,1,2,14.642857142857142
10028,1,3,4.2
10028,1,4,0.0
10028,2,1,15.0
10028,2,2,8.636363636363637
10028,2,3,12.481481481481481
10028,2,4,26.5
10028,3,1,0.0
10028,3,3,13.0
10028,3,4,3.4
10028,3,7,0.0
10028,4,1,30.0
10028,4,5,20.0
10028,4,6,2.0
10028,5,1,30.0
10028,5,5,22.0
10028,5,8,0.0
10029,0,0,15.0
10029,0,1,10.783783783783784
10029,0,2,14.6
10029,0,3,22.0
10029,0,4,0.0
10029,0,5,26.0
10029,1,0,18.3
10029,1,1,10.975903614457831
10029,1,2,12.518072289156626
10029,1,3,13.090909090909092
10029,1,4,30.0
10029,1,6,19.0
10029,2,0,23.0
10029,2,1,12.0
10029,2,2,10.930232558139535
10029,2,3,11.26086956521739
10029,2,4,3.0
10029,3,0,0.0
10029,3,3,11.7
10029,3,4,24.666666666666668
10029,3,5,30.0
10029,3,6,30.0
10029,4,4,12.333333333333334
10029,4,5,20.0
10029,4,6,0.0
10029,6,7,30.0
10030,0,0,12.0
10030,0,1,15.8125
10030,0,2,10.444444444444445
10030,0,3,28.0
10030,0,4,29.0
10030,1,0,14.117647058823529
10030,1,1,11.340248962655602
10030,1,2,14.404761904761905
10030,1,3,19.083333333333332
10030,1,4,19.666666666666668
10030,1,5,29.0
10030,2,1,17.2
10030,2,2,15.095238095238095
10030,2,3,14.8
10030,2,4,0.0
10030,2,5,13.333333333333334
10030,3,3,16.5
10030,3,4,13.0
10030,3,5,15.0
10030,4,1,0.0
10030,4,5,26.0
10030,4,6,14.0
10030,4,7,4.0
10030,5,6,24.0
10030,5,8,14.0
10030,5,9,7.0
10030,7,13,10.0
10031,0,0,11.6
10031,0,1,5.2272727272727275
10031,0,2,3.8333333333333335
10031,1,0,16.73076923076923
10031,1,1,10.110108303249097
10031,1,2,10.225
10031,1,3,16.90909090909091
10031,1,4,8.0
10031,2,0,28.0
10031,2,1,12.142857142857142
10031,2,2,6.868421052631579
10031,2,3,11.470588235294118
10031,2,4,14.666666666666666
10031,2,5,13.333333333333334
10031,2,9,29.0
10031,3,0,0.0
10031,3,2,0.0
10031,3,3,15.375
10031,3,4,12.615384615384615
10031,3,5,12.0
10031,3,6,16.0
10031,3,7,30.0
10031,4,1,0.0
10031,4,4,22.0
10031,4,5,13.0
10031,4,7,26.666666666666668
10031,5,0,24.0
10031,5,1,30.0
10031,5,6,12.0
10031,5,7,0.0
10031,6,8,21.0
10032,0,0,21.5
10032,0,1,8.5625
10032,0,2,11.5
10032,1,0,14.444444444444445
10032,1,1,10.766304347826088
10032,1,2,13.184615384615384
10032,1,3,14.4
10032,1,4,17.666666666666668
10032,2,0,25.5
10032,2,1,30.0
10032,2,2,5.409090909090909
10032,2,3,15.571428571428571
10032,2,4,8.5
10032,2,6,2.0
10032,3,0,19.0
10032,3,1,0.0
10032,3,3,0.0
10032,3,5,19.0
10032,3,6,23.5
10032,3,7,24.0
10032,3,9,22.0
10032,4,1,14.5
10032,4,5,26.0
10032,4,12,26.0
10032,8,11,30.0
10033,0,1,6.7
10033,0,2,0.0
10033,1,0,15.666666666666666
10033,1,1,9.995192307692308
10033,1,2,11.066666666666666
10033,1,3,17.75
10033,2,0,24.5
10033,2,1,5.5
10033,2,2,10.777777777777779
10033,2,3,10.142857142857142
10033,2,4,0.0
10033,2,5,25.0
10033,3,2,19.0
10033,3,3,0.0
10033,3,4,30.0
10033,4,5,10.0
10033,4,6,19.0
10033,5,8,23.0
10034,0,1,13.75
10034,0,2,20.0
10034,0,4,29.0
10034,1,0,18.666666666666668
10034,1,1,11.727272727272727
10034,1,2,9.44
10034,1,3,0.0
10034,1,4,0.0
10034,2,0,29.0
10034,2,2,9.5
10034,2,3,27.0
10034,2,4,5.2
10034,2,5,23.0
10034,3,4,22.0
10034,3,6,25.0
10034,3,7,11.0
10035,0,0,17.0
10035,0,1,10.307692307692308
10035,0,2,5.0
10035,1,0,13.333333333333334
10035,1,1,9.97191011235955
10035,1,2,11.511627906976743
10035,1,3,20.866666666666667
10035,1,4,25.25
10035,1,6,0.0
10035,2,0,12.0
10035,2,1,0.0
10035,2,2,12.0
10035,2,3,16.90909090909091
10035,2,4,3.0
10035,2,5,0.0
10035,2,8,14.0
10035,3,0,27.5
10035,3,1,29.0
10035,3,3,20.125
10035,3,4,15.666666666666666
10035,3,5,30.0
10035,3,6,20.0
10035,4,4,0.0
10035,4,6,12.0
10036,0,0,10.571428571428571
10036,0,1,12.009900990099009
10036,0,2,12.342857142857143
10036,0,3,17.0
10036,0,4,9.5
10036,1,0,10.6
10036,1,1,12.682170542635658
10036,1,2,16.87878787878788
10036,1,3,18.42105263157895
10036,1,4,19.8
10036,2,0,17.6
10036,2,1,8.875
10036,2,2,12.90983606557377
10036,2,3,17.555555555555557
10036,2,4,18.916666666666668
10036,2,5,19.5
10036,2,6,0.0
10036,3,1,0.0
10036,3,3,10.8
10036,3,4,18.5
10036,3,5,16.0
10036,3,6,11.0
10036,4,1,27.0
10036,4,4,23.5
10036,4,7,20.0
10036,4,8,23.0
10036,5,5,30.0
10037,0,1,7.8125
10037,0,2,7.25
10037,0,3,4.0
10037,1,0,10.666666666666666
10037,1,1,9.22340425531915
10037,1,2,9.083333333333334
10037,1,3,20.0
10037,1,4,18.75
10037,1,5,0.0
10037,1,6,29.0
10037,2,2,8.625
10037,2,3,13.5
10037,2,4,20.0
10037,2,5,11.0
10037,2,12,29.0
10037,3,3,15.0
10037,3,4,24.0
10037,3,5,0.0
10038,0,0,19.666666666666668
10038,0,1,17.214285714285715
10038,0,2,13.714285714285714
10038,0,3,0.0
10038,1,0,29.5
10038,1,1,9.98473282442748
10038,1,2,18.555555555555557
10038,1,3,20.0
10038,1,4,15.0
10038,2,0,0.0
10038,2,1,29.0
10038,2,2,11.375
10038,2,3,22.357142857142858
10038,2,4,14.8
10038,2,5,8.0
10038,3,4,21.0
10038,3,5,21.0
10038,5,5,27.0
10039,0,1,12.166666666666666
10039,0,2,2.0
10039,1,0,25.0
10039,1,1,10.745454545454546
10039,1,2,11.615384615384615
10039,1,3,6.0
10039,2,1,9.8
10039,2,2,7.230769230769231
10039,2,3,22.0
10039,2,4,29.0
10039,5,1,27.0
10040,0,0,0.0
10040,0,1,13.375
10040,0,2,6.8
10040,0,3,0.0
10040,1,0,10.333333333333334
10040,1,1,9.893129770992367
10040,1,2,4.758620689655173
10040,1,3,11.666666666666666
10040,1,4,5.5
10040,2,2,4.0
10040,2,3,20.5
10040,3,4,0.0
10040,4,4,29.0
10041,0,1,16.0
10044,0,1,0.0
10044,1,0,1.5
10044,1,1,7.228571428571429
10044,1,2,10.875
10044,1,3,1.0
10044,2,2,0.0
10044,2,3,6.0
10044,2,4,0.0
10065,0,0,5.0
10065,0,1,8.153846153846153
10065,0,2,12.357142857142858
10065,0,4,19.0
10065,1,0,15.9
10065,1,1,10.276422764227643
10065,1,2,14.814814814814815
10065,1,3,29.0
10065,1,4,17.333333333333332
10065,2,1,16.666666666666668
10065,2,2,10.91304347826087
10065,2,3,17.11111111111111
10065,2,4,7.5
10065,3,3,9.714285714285714
10065,3,4,17.5
10065,4,4,20.0
10065,4,5,22.0
10065,5,5,23.0
10065,5,7,21.0
10069,0,1,3.5
10069,1,0,30.0
10069,1,1,13.5
10069,1,2,20.666666666666668
10069,2,3,0.0
10069,2,4,29.0
10069,3,4,4.0
10075,0,0,8.0
10075,0,1,3.5517241379310347
10075,0,2,6.636363636363637
10075,0,3,14.0
10075,1,0,5.5
10075,1,1,8.959349593495935
10075,1,2,12.038461538461538
10075,1,3,23.0
10075,1,4,25.5
10075,2,1,10.0
10075,2,2,10.285714285714286
10075,2,3,10.428571428571429
10075,2,4,5.5
10075,3,3,0.0
10075,3,4,3.0
10075,3,5,22.0
10075,3,6,26.0
10075,5,5,23.0
10080,0,0,0.0
10118,0,1,9.0
10128,0,1,5.578125
10128,0,2,13.647058823529411
10128,1,0,8.2
10128,1,1,8.448087431693988
10128,1,2,8.609756097560975
10128,1,3,26.666666666666668
10128,1,4,12.0
10128,2,1,8.0
10128,2,2,12.435897435897436
10128,2,3,17.428571428571427
10128,2,4,6.6
10128,3,1,23.666666666666668
10128,3,2,9.5
10128,3,3,14.6
10128,3,4,15.4
10128,3,5,8.0
10128,4,5,0.0
10128,4,6,3.0
10129,1,1,0.0
10162,1,1,28.0
10162,1,2,0.0
10162,2,4,23.5
10162,2,5,0.0
10270,1,1,0.0
10280,0,0,0.0
10280,0,1,0.0
10280,1,0,14.5
10280,1,1,4.75
10280,1,2,5.25
10280,2,1,0.0
10280,2,2,30.0
10280,2,3,3.0
10280,2,5,0.0
10280,3,4,0.0
10281,0,0,30.0
10281,0,1,0.0
10282,0,1,0.0
10282,1,0,14.0
10282,1,1,9.5
10282,1,3,0.0
10282,2,2,2.6666666666666665
10282,2,4,0.0
10301,0,1,21.5
10301,0,2,26.0
10301,1,0,25.666666666666668
10301,1,1,16.55
10301,1,2,20.55
10301,1,3,30.0
10301,2,2,14.8
10301,2,3,21.166666666666668
10301,2,4,20.666666666666668
10301,2,5,23.0
10301,3,3,15.166666666666666
10301,3,4,22.5
10301,3,5,15.0
10301,4,4,13.666666666666666
10301,4,6,21.5
10301,4,9,20.0
10301,5,7,26.0
10301,8,13,30.0
10302,0,1,12.0
10302,1,1,10.714285714285714
10302,1,3,24.5
10302,3,0,12.0
10303,1,1,16.88888888888889
10303,1,2,22.333333333333332
10303,2,2,29.0
10303,2,3,24.0
10303,3,4,15.5
10303,4,6,1.0
10304,0,1,0.5
10304,1,0,6.0
10304,1,1,18.677419354838708
10304,1,2,16.5
10304,1,3,21.333333333333332
10304,1,4,27.0
10304,2,2,19.25
10304,2,4,15.0
10304,3,3,28.0
10304,3,5,10.0
10304,4,4,9.0
10304,4,5,15.5
10304,5,9,17.0
10305,0,1,15.0
10305,0,2,30.0
10305,0,3,30.0
10305,1,0,22.666666666666668
10305,1,1,17.862068965517242
10305,1,2,16.666666666666668
10305,1,3,15.0
10305,2,2,21.0
10305,2,3,24.666666666666668
10305,2,4,18.75
10305,2,5,18.0
10305,3,0,27.0
10305,3,3,15.0
10305,3,4,27.0
10305,3,5,3.3333333333333335
10305,5,5,30.0
10305,7,9,30.0
10306,0,0,12.0
10306,0,1,15.0
10306,0,3,12.0
10306,1,1,11.846153846153847
10306,1,2,15.75
10306,1,3,22.0
10306,3,3,0.0
10307,1,1,29.0
10307,4,6,9.0
10308,1,1,15.666666666666666
10308,1,2,29.0
10308,1,3,14.0
10308,2,2,8.0
10308,3,5,0.0
10309,1,1,15.0
10309,2,2,3.0
10309,3,5,0.0
10310,0,2,0.0
10310,0,3,1.0
10310,1,0,0.0
10310,1,1,13.0
10310,1,2,17.142857142857142
10310,1,3,29.0
10310,1,4,11.0
10310,2,1,0.0
10310,2,2,9.666666666666666
10310,2,5,20.0
10310,3,3,20.5
10312,0,1,12.0
10312,1,1,30.0
10312,1,2,17.666666666666668
10312,1,3,25.333333333333332
10312,2,1,29.0
10312,4,3,0.0
10314,0,1,10.0
10314,0,2,6.0
10314,1,0,29.0
10314,1,1,6.5
10314,1,2,11.636363636363637
10314,2,3,28.0
10314,3,1,30.0
10314,3,4,11.5
10314,4,4,0.0
10314,4,6,30.0
10451,0,0,22.0
10451,0,1,5.0
10451,1,0,17.333333333333332
10451,1,1,19.333333333333332
10451,1,2,21.214285714285715
10451,1,3,0.0
10451,2,1,14.5
10451,2,2,5.5
10451,2,3,20.0
10451,2,4,0.0
10451,3,3,11.0
10451,3,5,5.0
10452,0,0,30.0
10452,0,1,15.0
10452,1,0,14.5
10452,1,1,14.25925925925926
10452,1,2,29.0
10452,1,3,16.5
10452,2,1,0.0
10452,2,2,15.0
10452,2,3,0.0
10452,2,4,22.5
10452,2,5,18.0
10452,3,3,14.0
10452,3,4,28.0
10452,4,4,0.0
10453,0,1,0.0
10453,0,2,26.0
10453,1,0,26.5
10453,1,1,17.705882352941178
10453,1,2,14.2
10453,2,2,17.0
10453,2,4,18.0
10453,2,6,0.0
10453,4,6,14.0
10454,0,1,4.5
10454,0,2,21.5
10454,0,3,25.5
10454,1,0,28.0
10454,1,1,16.612903225806452
10454,1,2,22.5
10454,1,3,20.0
10454,1,4,9.5
10454,2,2,24.5
10454,2,3,29.0
10454,2,4,12.0
10454,2,5,23.0
10454,2,6,16.0
10454,3,3,0.0
10454,3,5,30.0
10454,3,6,20.0
10454,4,4,5.0
10455,0,1,0.0
10455,1,1,18.0
10455,1,2,14.555555555555555
10455,1,3,29.0
10455,1,4,28.0
10455,1,5,0.0
10455,2,2,14.0
10455,2,3,0.0
10455,3,0,29.0
10456,0,0,0.0
10456,0,1,20.8
10456,0,3,23.0
10456,1,0,15.0
10456,1,1,16.096774193548388
10456,1,2,10.75
10456,1,3,14.0
10456,1,4,0.0
10456,2,2,29.0
10456,2,3,0.0
10456,3,1,30.0
10456,3,5,5.0
10456,4,6,0.0
10456,5,6,0.0
10456,5,7,0.0
10457,0,1,1.0
10457,1,0,14.5
10457,1,1,16.3
10457,1,2,8.75
10457,1,3,21.25
10457,1,4,19.0
10457,2,2,14.0
10457,2,3,8.0
10457,3,3,25.75
10457,3,4,25.0
10457,3,5,27.0
10457,3,6,26.0
10457,5,1,12.0
10457,11,21,0.0
10458,0,1,13.25
10458,0,2,22.0
10458,1,0,22.5
10458,1,1,13.0
10458,1,2,15.0
10458,1,3,18.0
10458,2,0,12.0
10458,2,1,29.0
10458,2,2,19.714285714285715
10458,2,3,30.0
10458,3,3,29.0
10458,4,5,0.0
10459,0,2,15.0
10459,1,0,0.0
10459,1,1,20.0
10459,1,2,24.428571428571427
10459,2,2,17.666666666666668
10459,2,3,23.5
10459,3,2,0.0
10460,1,1,13.461538461538462
10460,1,2,23.666666666666668
10460,1,3,29.0
10460,2,2,0.0
10460,2,4,28.0
10461,0,1,15.666666666666666
10461,0,2,0.0
10461,1,0,30.0
10461,1,1,15.515151515151516
10461,1,2,14.2
10461,1,3,21.0
10461,2,2,9.5
10461,2,4,24.0
10461,3,3,30.0
10462,0,1,0.0
10462,0,2,14.0
10462,1,0,21.4
10462,1,1,11.714285714285714
10462,1,2,11.083333333333334
10462,2,2,16.5
10462,2,3,21.0
10462,2,4,0.0
10462,3,1,20.0
10462,3,3,13.0
10462,3,4,22.0
10463,0,0,30.0
10463,0,1,0.0
10463,0,2,20.0
10463,0,3,28.0
10463,1,0,15.0
10463,1,1,10.55
10463,1,2,13.428571428571429
10463,1,3,22.0
10463,2,1,0.0
10463,2,2,13.6
10463,2,3,12.5
10463,2,4,0.0
10463,3,3,30.0
10463,3,5,0.0
10463,3,6,28.0
10463,4,4,13.0
10464,0,1,23.333333333333332
10464,1,1,19.0
10464,1,2,25.0
10464,1,5,19.0
10464,2,2,10.666666666666666
10464,3,2,0.0
10465,0,1,28.0
10465,0,2,0.0
10465,1,0,29.666666666666668
10465,1,1,19.869565217391305
10465,1,2,17.6
10465,2,3,8.0
10465,3,3,0.0
10465,3,4,22.5
10466,0,1,21.5
10466,0,2,20.333333333333332
10466,0,3,27.0
10466,1,0,14.5
10466,1,1,19.408163265306122
10466,1,2,10.916666666666666
10466,1,3,16.0
10466,2,0,0.0
10466,2,2,0.0
10466,2,3,19.5
10466,2,4,16.5
10466,3,3,29.666666666666668
10466,3,4,28.0
10466,3,5,22.0
10467,0,1,14.222222222222221
10467,1,0,9.666666666666666
10467,1,1,15.435897435897436
10467,1,2,8.631578947368421
10467,1,3,28.0
10467,1,4,12.0
10467,2,2,15.0
10467,2,3,19.0
10467,2,6,15.0
10467,3,4,0.0
10467,4,10,20.0
10467,5,10,15.0
10468,0,3,18.0
10468,1,0,14.0
10468,1,1,16.87878787878788
10468,1,2,23.666666666666668
10468,1,3,21.0
10468,2,2,8.0
10468,2,3,21.0
10468,3,3,29.0
10468,3,5,3.0
10468,4,4,7.0
10469,0,0,30.0
10469,0,1,11.25
10469,0,2,9.333333333333334
10469,0,3,30.0
10469,1,0,17.5
10469,1,1,15.3125
10469,1,2,15.5
10469,1,3,3.0
10469,2,0,0.0
10469,2,2,16.6
10469,2,3,30.0
10469,2,4,15.4
10469,2,6,30.0
10469,3,3,17.6
10469,3,4,25.0
10469,3,7,25.0
10469,4,10,30.0
10470,0,0,1.0
10470,0,2,29.0
10470,1,0,28.5
10470,1,1,18.0
10470,1,2,25.0
10470,1,3,21.0
10470,2,2,0.0
10470,2,3,28.0
10470,2,4,0.0
10470,3,5,21.0
10471,0,0,0.0
10471,0,1,0.0
10471,1,0,30.0
10471,1,1,15.714285714285714
10471,1,2,7.5
10471,1,3,15.0
10471,1,4,0.0
10471,2,2,13.5
10471,8,11,18.0
10471,8,13,15.0
10472,1,0,0.0
10472,1,1,15.04
10472,1,2,10.6
10472,2,3,27.0
10472,2,4,17.5
10473,1,0,29.0
10473,1,1,17.227272727272727
10473,1,2,24.0
10473,2,2,13.0
10473,2,3,23.0
10473,2,5,28.0
10473,3,5,0.0
10474,0,0,0.0
10474,1,0,1.0
10474,1,1,10.0
10474,1,2,20.0
10475,0,2,29.0
10475,1,0,0.0
10475,1,1,22.625
10475,1,2,26.0
10475,2,2,5.0
10475,3,4,30.0
10475,4,5,27.0
10475,6,6,23.0
10550,1,2,12.0
10704,1,1,30.0
11001,1,1,20.5
11003,1,1,30.0
11004,1,1,0.0
11004,2,2,25.0
11101,0,0,5.0
11101,0,1,4.68
11101,0,2,6.285714285714286
11101,0,4,30.0
11101,1,0,13.666666666666666
11101,1,1,10.975103734439834
11101,1,2,15.085714285714285
11101,1,3,21.142857142857142
11101,1,4,27.25
11101,1,6,26.0
11101,2,0,21.0
11101,2,2,9.857142857142858
11101,2,3,17.444444444444443
11101,2,4,19.857142857142858
11101,3,3,26.0
11101,3,4,22.0
11101,3,5,24.0
11101,3,6,24.0
11101,3,8,21.0
11101,4,5,23.0
11101,5,6,17.0
11102,0,0,28.0
11102,0,1,12.625
11102,0,2,0.0
11102,1,0,15.307692307692308
11102,1,1,12.120171673819742
11102,1,2,12.837837837837839
11102,1,3,8.666666666666666
11102,1,4,21.0
11102,2,0,0.0
11102,2,1,8.5
11102,2,2,5.928571428571429
11102,2,3,8.333333333333334
11102,2,4,3.5
11102,3,1,28.0
11102,3,5,10.0
11102,3,6,30.0
11103,0,0,0.0
11103,0,1,10.307692307692308
11103,0,2,18.666666666666668
11103,1,0,8.0
11103,1,1,9.974264705882353
11103,1,2,11.975609756097562
11103,1,3,19.142857142857142
11103,1,4,26.0
11103,2,1,21.75
11103,2,2,7.181818181818182
11103,2,3,21.642857142857142
11103,2,4,14.0
11103,2,5,29.0
11103,2,6,25.0
11103,3,0,0.0
11103,3,1,27.0
11103,3,3,19.25
11103,3,4,9.666666666666666
11103,3,5,22.666666666666668
11103,3,7,8.0
11103,4,4,0.0
11103,4,5,22.0
11104,0,0,0.0
11104,0,1,5.857142857142857
11104,0,2,1.0
11104,0,3,9.0
11104,1,0,11.571428571428571
11104,1,1,11.44055944055944
11104,1,2,12.113636363636363
11104,1,3,15.0
11104,1,4,15.0
11104,2,2,13.714285714285714
11104,2,3,8.8
11104,2,4,10.0
11104,2,5,30.0
11104,3,3,20.0
11104,3,4,0.0
11104,3,5,3.5
11104,4,6,0.0
11105,0,0,0.0
11105,0,1,5.555555555555555
11105,0,2,7.25
11105,0,3,16.0
11105,1,0,21.75
11105,1,1,11.451612903225806
11105,1,2,14.243243243243244
11105,1,3,19.0
11105,1,4,8.0
11105,2,0,30.0
11105,2,1,0.0
11105,2,2,12.0
11105,2,3,4.6
11105,2,4,12.0
11105,3,1,28.0
11105,3,2,0.0
11105,3,3,13.4
11105,3,4,0.0
11105,3,5,22.5
11105,4,6,14.0
11106,0,1,8.133333333333333
11106,0,2,3.0
11106,1,0,17.90909090909091
11106,1,1,9.268722466960352
11106,1,2,10.224489795918368
11106,1,3,11.0
11106,1,4,2.3333333333333335
11106,1,5,23.0
11106,1,9,29.0
11106,2,2,8.333333333333334
11106,2,3,12.666666666666666
11106,2,4,18.0
11106,2,5,16.0
11106,3,3,20.666666666666668
11106,3,4,12.2
11106,3,5,11.25
11106,3,6,13.5
11106,4,0,12.0
11106,4,4,6.0
11106,4,5,25.0
11106,4,7,19.0
11109,0,0,0.0
11109,0,1,15.0
11109,1,1,0.5555555555555556
11109,1,2,28.0
11109,2,2,0.0
11201,0,0,9.4
11201,0,1,3.6923076923076925
11201,0,2,10.5
11201,1,0,13.857142857142858
11201,1,1,6.058091286307054
11201,1,2,7.354166666666667
11201,1,3,15.75
11201,1,4,0.0
11201,2,1,2.5
11201,2,2,6.339285714285714
11201,2,3,5.809523809523809
11201,2,4,8.5
11201,2,6,29.0
11201,3,1,0.0
11201,3,2,30.0
11201,3,3,12.166666666666666
11201,3,4,12.0
11201,3,5,0.0
11201,4,1,0.0
11201,4,4,27.0
11201,4,5,0.0
11201,4,6,14.5
11201,5,12,0.0
11203,0,0,28.0
11203,0,1,17.666666666666668
11203,0,2,9.0
11203,1,0,24.666666666666668
11203,1,1,16.856209150326798
11203,1,2,17.333333333333332
11203,1,3,30.0
11203,1,4,11.0
11203,2,0,15.0
11203,2,1,26.0
11203,2,2,8.857142857142858
11203,2,3,9.8
11203,2,4,10.5
11203,2,5,29.5
11203,2,6,3.5
11203,3,0,24.0
11203,3,3,12.142857142857142
11203,3,4,20.0
11203,3,5,12.0
11203,3,6,14.0
11203,3,7,17.0
11203,4,4,4.5
11203,6,9,14.0
11203,6,16,19.0
11204,0,1,21.0
11204,0,2,1.0
11204,1,1,15.285714285714286
11204,1,2,6.75
11204,1,3,0.0
11204,2,3,8.5
11204,2,5,0.0
11205,0,0,29.0
11205,0,1,8.942857142857143
11205,0,2,13.090909090909092
11205,0,4,19.0
11205,1,0,8.1
11205,1,1,8.256521739130434
11205,1,2,9.0
11205,1,3,15.75
11205,1,4,9.5
11205,1,8,0.0
11205,2,0,14.5
11205,2,1,4.7
11205,2,2,10.351851851851851
11205,2,3,13.173913043478262
11205,2,4,17.727272727272727
11205,2,5,24.0
11205,2,6,22.0
11205,3,1,0.0
11205,3,2,29.0
11205,3,3,7.125
11205,3,4,7.454545454545454
11205,3,5,1.0
11205,4,1,15.5
11205,4,4,0.0
11205,4,5,0.0
11205,4,7,24.0
11205,5,0,25.0
11205,5,1,0.0
11205,5,4,0.0
11205,5,5,23.0
11205,7,8,25.0
11206,0,0,5.625
11206,0,1,5.777777777777778
11206,0,2,14.625
11206,0,3,3.5
11206,0,4,6.0
11206,1,0,13.178571428571429
11206,1,1,6.569377990430622
11206,1,2,10.805309734513274
11206,1,3,9.636363636363637
11206,1,4,11.25
11206,2,0,12.5
11206,2,1,5.333333333333333
11206,2,2,8.344262295081966
11206,2,3,10.424242424242424
11206,2,4,15.875
11206,2,6,19.5
11206,3,1,0.0
11206,3,2,0.0
11206,3,3,15.12
11206,3,4,13.8
11206,3,5,0.0
11206,3,6,9.5
11206,4,1,0.0
11206,4,4,21.5
11206,4,8,0.0
11206,4,12,22.0
11206,5,2,0.0
11206,7,9,16.0
11206,8,4,28.0
11207,0,0,30.0
11207,0,1,13.583333333333334
11207,0,2,26.333333333333332
11207,0,3,29.5
11207,0,4,12.0
11207,1,0,16.357142857142858
11207,1,1,12.84297520661157
11207,1,2,15.402985074626866
11207,1,3,16.8
11207,1,4,24.0
11207,2,1,19.666666666666668
11207,2,2,14.431372549019608
11207,2,3,20.0625
11207,2,4,7.0
11207,2,5,17.0
11207,3,1,27.0
11207,3,3,18.27777777777778
11207,3,4,21.3
11207,3,5,6.5
11207,3,6,15.0
11207,3,10,30.0
11207,4,4,10.6
11207,4,5,27.0
11207,4,7,28.0
11207,4,9,8.0
11207,5,4,21.0
11207,8,10,29.0
11208,0,0,26.0
11208,0,1,16.285714285714285
11208,0,2,30.0
11208,1,0,28.8
11208,1,1,18.304761904761904
11208,1,2,15.058823529411764
11208,1,3,21.285714285714285
11208,1,4,13.0
11208,2,0,20.0
11208,2,1,28.0
11208,2,2,17.842105263157894
11208,2,3,13.416666666666666
11208,2,4,27.5
11208,2,5,14.0
11208,3,3,25.375
11208,3,4,30.0
11208,3,5,19.25
11208,4,4,0.0
11208,4,6,30.0
11209,0,1,6.833333333333333
11209,0,2,14.0
11209,1,0,8.6
11209,1,1,11.909090909090908
11209,1,2,6.038461538461538
11209,1,3,12.4
11209,1,4,30.0
11209,1,6,30.0
11209,2,0,0.0
11209,2,2,12.125
11209,2,3,14.142857142857142
11209,2,4,18.5
11209,2,5,27.0
11209,3,1,0.0
11209,3,3,4.285714285714286
11209,3,4,17.0
11209,3,12,29.5
11209,4,4,16.0
11209,4,7,0.0
11210,0,0,30.0
11210,0,1,12.0
11210,0,2,22.0
11210,0,3,30.0
11210,0,4,2.0
11210,1,0,22.833333333333332
11210,1,1,13.876712328767123
11210,1,2,14.75
11210,1,3,15.0
11210,1,4,29.0
11210,2,1,30.0
11210,2,2,20.428571428571427
11210,2,3,13.5
11210,2,4,13.666666666666666
11210,2,5,0.0
11210,3,2,7.666666666666667
11210,3,3,21.0
11210,3,4,27.5
11210,4,6,9.0
11210,4,9,21.0
11210,5,5,20.0
11210,5,10,0.0
11211,0,0,8.25
11211,0,1,4.418918918918919
11211,0,2,7.315789473684211
11211,0,3,1.0
11211,0,4,28.0
11211,1,0,13.066666666666666
11211,1,1,6.560480841472577
11211,1,2,7.228395061728395
11211,1,3,12.923076923076923
11211,1,4,9.0
11211,2,0,20.25
11211,2,1,3.2413793103448274
11211,2,2,7.83982683982684
11211,2,3,11.015625
11211,2,4,9.0
11211,2,5,12.5
11211,2,6,26.0
11211,3,0,0.0
11211,3,1,10.1
11211,3,2,9.333333333333334
11211,3,3,13.030303030303031
11211,3,4,11.071428571428571
11211,3,5,8.25
11211,3,6,25.0
11211,4,0,9.0
11211,4,1,23.0
11211,4,4,14.6
11211,4,5,13.555555555555555
11211,4,6,11.0
11211,4,10,26.0
11211,5,5,12.0
11211,5,6,28.0
11211,6,7,22.0
11211,7,7,12.0
11211,7,8,10.0
11211,8,8,12.0
11211,8,11,30.0
11211,9,9,21.0
11211,10,10,4.0
11212,0,0,15.0
11212,0,1,14.5
11212,0,2,12.0
11212,1,0,24.666666666666668
11212,1,1,19.235294117647058
11212,1,2,15.181818181818182
11212,1,3,10.333333333333334
11212,2,2,23.714285714285715
11212,2,3,23.666666666666668
11212,3,3,19.8
11212,3,4,17.5
11212,3,5,29.0
11212,3,7,26.0
11213,0,1,0.6666666666666666
11213,0,2,14.0
11213,1,0,15.214285714285714
11213,1,1,11.31437125748503
11213,1,2,17.015625
11213,1,3,13.454545454545455
11213,1,4,17.571428571428573
11213,1,5,22.333333333333332
11213,1,8,26.0
11213,2,0,23.0
11213,2,1,29.0
11213,2,2,10.333333333333334
11213,2,3,12.631578947368421
11213,2,4,18.375
11213,2,5,16.333333333333332
11213,2,6,19.5
11213,2,7,30.0
11213,2,10,30.0
11213,2,12,29.0
11213,3,0,0.0
11213,3,1,0.0
11213,3,2,0.0
11213,3,3,9.875
11213,3,4,17.166666666666668
11213,3,5,13.714285714285714
11213,3,6,10.5
11213,3,7,17.666666666666668
11213,3,9,16.0
11213,3,11,28.0
11213,4,1,0.0
11213,4,2,10.0
11213,4,3,30.0
11213,4,4,20.0
11213,4,6,26.0
11213,4,7,22.0
11213,4,8,25.0
11213,4,10,26.0
11213,4,22,23.0
11213,5,0,7.0
11213,5,6,24.0
11213,5,7,20.0
11213,5,8,22.5
11213,5,12,24.0
11213,6,10,14.5
11213,6,12,19.0
11213,6,26,29.0
11213,7,8,26.0
11213,7,11,29.0
11213,9,11,17.0
11214,0,2,3.6666666666666665
11214,1,0,16.6
11214,1,1,12.5
11214,1,2,10.428571428571429
11214,1,3,23.5
11214,1,4,11.0
11214,2,1,30.0
11214,2,2,14.8
11214,2,3,12.0
11214,2,4,19.0
11214,2,5,28.0
11214,2,6,22.0
11214,3,3,29.0
11214,3,4,13.0
11215,0,0,3.0
11215,0,1,10.82089552238806
11215,0,2,10.8
11215,0,3,27.0
11215,1,0,9.61111111111111
11215,1,1,5.959016393442623
11215,1,2,8.413793103448276
11215,1,3,12.625
11215,1,4,8.0
11215,1,5,11.5
11215,2,0,11.0
11215,2,1,4.0
11215,2,2,8.27659574468085
11215,2,3,13.46938775510204
11215,2,4,7.636363636363637
11215,2,5,1.25
11215,2,6,15.0
11215,3,0,0.0
11215,3,2,9.333333333333334
11215,3,3,5.323529411764706
11215,3,4,4.964285714285714
11215,3,5,2.7
11215,3,6,0.0
11215,3,7,5.0
11215,4,3,0.0
11215,4,4,5.545454545454546
11215,4,5,8.2
11215,4,6,13.25
11215,4,8,0.0
11215,5,5,12.0
11215,5,6,2.5
11216,0,0,13.666666666666666
11216,0,1,10.825396825396826
11216,0,2,8.944444444444445
11216,0,3,21.0
11216,1,0,11.06060606060606
11216,1,1,7.839473684210526
11216,1,2,14.369127516778523
11216,1,3,17.65
11216,1,4,5.333333333333333
11216,1,5,23.0
11216,1,12,28.0
11216,2,0,18.75
11216,2,1,16.076923076923077
11216,2,2,11.849557522123893
11216,2,3,15.372549019607844
11216,2,4,12.526315789473685
11216,2,5,10.0
11216,2,6,20.0
11216,2,7,26.5
11216,3,1,14.5
11216,3,3,14.9
11216,3,4,12.0
11216,3,5,14.5
11216,3,6,29.0
11216,4,4,13.285714285714286
11216,4,5,7.75
11216,4,6,0.0
11216,5,4,6.0
11216,5,5,15.666666666666666
11216,5,6,20.0
11216,5,7,30.0
11216,7,7,20.0
11216,7,11,30.0
11216,7,14,12.0
11216,8,18,24.0
11216,10,1,0.0
11216,10,13,20.0
11217,0,0,12.833333333333334
11217,0,1,4.358974358974359
11217,0,2,8.307692307692308
11217,1,0,6.642857142857143
11217,1,1,6.27536231884058
11217,1,2,8.576271186440678
11217,1,3,5.8
11217,1,4,10.5
11217,1,5,0.0
11217,2,1,6.363636363636363
11217,2,2,6.646341463414634
11217,2,3,8.107142857142858
11217,2,4,5.7272727272727275
11217,3,0,23.0
11217,3,1,29.0
11217,3,2,0.0
11217,3,3,8.529411764705882
11217,3,4,11.785714285714286
11217,3,6,23.0
11217,3,7,0.0
11217,3,8,23.0
11217,3,13,25.0
11217,4,4,5.666666666666667
11217,4,5,0.0
11217,4,6,16.0
11217,4,7,10.0
11217,4,8,3.0
11217,5,1,28.0
11217,5,5,5.0
11217,5,6,22.0
11217,5,7,15.0
11218,0,1,6.875
11218,0,2,13.5
11218,0,3,0.0
11218,1,0,10.75
11218,1,1,7.838709677419355
11218,1,2,11.181818181818182
11218,1,3,4.25
11218,1,4,11.0
11218,2,1,28.0
11218,2,2,5.48
11218,2,3,8.0
11218,2,4,14.25
11218,2,5,0.0
11218,2,6,18.0
11218,3,1,0.0
11218,3,2,0.0
11218,3,3,7.166666666666667
11218,3,4,3.5
11218,3,5,0.0
11218,3,6,0.0
11218,4,0,0.0
11218,4,4,12.25
11218,4,5,4.2
11218,4,6,0.0
11218,5,5,0.0
11218,5,7,11.5
11219,0,1,10.0
11219,1,0,29.5
11219,1,1,19.555555555555557
11219,1,2,13.15
11219,1,3,21.25
11219,1,5,29.5
11219,1,8,29.0
11219,2,0,29.0
11219,2,1,29.0
11219,3,3,27.0
11219,3,5,30.0
11219,3,6,13.5
11220,0,0,26.0
11220,0,1,16.076923076923077
11220,0,2,30.0
11220,0,3,24.0
11220,1,0,16.25
11220,1,1,13.409356725146198
11220,1,2,17.085714285714285
11220,1,3,14.5
11220,2,0,29.0
11220,2,1,23.0
11220,2,2,9.076923076923077
11220,2,3,12.666666666666666
11220,2,4,20.75
11220,3,3,22.8
11220,3,6,19.0
11221,0,0,19.5
11221,0,1,11.25
11221,0,2,9.818181818181818
11221,0,4,21.0
11221,1,0,15.255813953488373
11221,1,1,8.533061224489796
11221,1,2,14.916666666666666
11221,1,3,19.264705882352942
11221,1,4,10.11111111111111
11221,1,5,30.0
11221,2,0,18.0
11221,2,1,3.1578947368421053
11221,2,2,12.478260869565217
11221,2,3,15.632352941176471
11221,2,4,15.041666666666666
11221,2,5,13.0
11221,2,6,22.0
11221,2,9,18.0
11221,3,0,10.0
11221,3,1,1.75
11221,3,2,4.142857142857143
11221,3,3,7.333333333333333
11221,3,4,14.214285714285714
11221,3,5,19.875
11221,3,6,19.0
11221,3,8,23.0
11221,3,11,26.0
11221,4,0,0.0
11221,4,4,14.2
11221,4,5,13.666666666666666
11221,4,6,10.0
11221,4,7,27.0
11221,4,8,11.0
11221,5,5,15.428571428571429
11221,5,6,17.0
11221,5,12,24.0
11221,5,13,18.0
11221,6,6,22.0
11221,6,14,16.0
11221,7,15,17.0
11222,0,0,18.05263157894737
11222,0,1,9.21951219512195
11222,0,2,19.866666666666667
11222,0,3,0.0
11222,1,0,14.051282051282051
11222,1,1,5.348171701112878
11222,1,2,10.383838383838384
11222,1,3,16.0
11222,1,4,4.75
11222,2,0,19.75
11222,2,1,8.15
11222,2,2,5.381818181818182
11222,2,3,7.580645161290323
11222,2,4,6.666666666666667
11222,2,5,25.0
11222,2,7,29.0
11222,2,8,0.0
11222,3,2,21.0
11222,3,3,10.772727272727273
11222,3,4,11.333333333333334
11222,3,5,10.0
11222,3,6,11.333333333333334
11222,3,7,0.0
11222,3,9,2.0
11222,4,1,0.0
11222,4,4,15.833333333333334
11222,4,5,0.0
11222,4,7,19.0
11222,6,9,17.0
11223,0,0,0.0
11223,0,1,0.0
11223,1,0,9.833333333333334
11223,1,1,11.755555555555556
11223,1,2,11.545454545454545
11223,1,3,5.0
11223,1,7,14.5
11223,2,2,25.333333333333332
11223,2,3,16.875
11223,2,4,21.666666666666668
11223,3,4,0.0
11223,3,5,28.0
11223,3,7,23.0
11224,0,0,29.0
11224,0,1,15.0
11224,1,1,19.4
11224,1,2,11.833333333333334
11224,2,2,12.0
11224,2,3,25.666666666666668
11224,3,3,0.0
11224,4,7,0.0
11224,6,8,30.0
11224,14,40,28.0
11225,0,0,0.0
11225,0,1,4.466666666666667
11225,0,2,9.25
11225,0,3,5.666666666666667
11225,1,0,12.11111111111111
11225,1,1,7.323033707865169
11225,1,2,9.285714285714286
11225,1,3,15.0
11225,1,4,30.0
11225,1,5,25.0
11225,2,0,0.0
11225,2,1,7.5
11225,2,2,8.849056603773585
11225,2,3,10.9
11225,2,4,19.0
11225,2,5,10.0
11225,3,2,0.0
11225,3,3,15.7
11225,3,4,7.285714285714286
11225,3,5,8.375
11225,3,8,10.5
11225,4,4,7.5
11225,4,5,6.0
11225,4,6,0.0
11225,6,6,21.0
11225,6,7,13.0
11225,6,16,22.0
11226,0,0,13.5
11226,0,1,10.307692307692308
11226,0,2,7.125
11226,0,3,7.0
11226,1,0,13.052631578947368
11226,1,1,9.23873873873874
11226,1,2,9.023529411764706
11226,1,3,7.363636363636363
11226,1,4,19.333333333333332
11226,1,6,28.666666666666668
11226,2,0,0.0
11226,2,1,12.333333333333334
11226,2,2,7.269230769230769
11226,2,3,14.352941176470589
11226,2,4,7.5
11226,2,5,22.333333333333332
11226,3,1,30.0
11226,3,2,0.0
11226,3,3,11.578947368421053
11226,3,4,15.333333333333334
11226,3,5,23.0
11226,3,6,20.0
11226,4,3,0.0
11226,4,4,13.4
11226,4,5,19.0
11226,4,6,0.0
11226,4,7,9.333333333333334
11226,5,4,0.0
11226,5,5,0.0
11226,5,6,0.0
11226,5,9,25.0
11226,5,16,30.0
11226,6,6,0.0
11226,6,7,0.0
11228,0,2,29.0
11228,1,0,16.0
11228,1,1,8.181818181818182
11228,1,2,14.0
11228,1,3,0.0
11228,2,2,16.666666666666668
11228,2,3,20.75
11228,2,5,14.0
11228,3,3,0.0
11228,3,4,20.0
11228,3,6,30.0
11229,0,0,29.0
11229,0,1,26.375
11229,0,2,16.0
11229,1,0,23.11111111111111
11229,1,1,15.789473684210526
11229,1,2,15.538461538461538
11229,1,3,0.0
11229,1,4,26.666666666666668
11229,2,1,0.0
11229,2,2,7.666666666666667
11229,2,3,8.6
11229,2,4,27.0
11229,2,6,17.0
11229,3,3,0.0
11229,3,4,7.0
11229,3,6,27.0
11229,4,7,26.0
11230,0,0,0.0
11230,0,1,15.75
11230,0,2,11.8
11230,1,0,14.5
11230,1,1,10.896103896103897
11230,1,2,3.2777777777777777
11230,1,3,25.0
11230,1,4,9.0
11230,1,6,2.0
11230,2,1,0.0
11230,2,2,6.363636363636363
11230,2,3,11.75
11230,2,4,10.5
11230,2,5,11.0
11230,2,6,23.0
11230,2,7,16.0
11230,3,3,30.0
11230,3,4,0.0
11230,4,4,27.0
11230,4,5,28.0
11230,5,6,0.0
11230,5,7,28.0
11230,6,5,4.0
11230,6,8,20.0
11231,0,0,18.25
11231,0,1,7.083333333333333
11231,0,2,13.0
11231,0,3,19.0
11231,1,0,21.2
11231,1,1,8.335227272727273
11231,1,2,10.194444444444445
11231,1,3,10.818181818181818
11231,1,4,0.0
11231,2,0,13.0
11231,2,1,10.0
11231,2,2,7.173076923076923
11231,2,3,8.068965517241379
11231,2,4,15.666666666666666
11231,2,5,2.0
11231,2,6,0.0
11231,3,2,4.0
11231,3,3,2.2666666666666666
11231,3,4,7.764705882352941
11231,3,5,11.666666666666666
11231,4,4,0.0
11231,4,5,1.75
11231,4,6,0.0
11231,4,17,6.0
11231,5,5,0.0
11232,0,0,30.0
11232,0,1,4.454545454545454
11232,0,2,10.5
11232,0,3,0.0
11232,1,0,6.0
11232,1,1,9.773809523809524
11232,1,2,10.461538461538462
11232,1,3,0.0
11232,2,0,6.0
11232,2,1,0.0
11232,2,2,10.666666666666666
11232,2,3,22.8
11232,2,4,9.5
11232,2,5,16.5
11232,3,3,13.0
11232,3,4,0.0
11232,3,5,12.0
11232,4,4,22.333333333333332
11232,4,6,0.0
11233,0,0,20.25
11233,0,1,4.882352941176471
11233,0,2,15.8
11233,0,3,0.0
11233,1,0,19.483870967741936
11233,1,1,11.757575757575758
11233,1,2,15.464788732394366
11233,1,3,18.136363636363637
11233,1,4,11.6
11233,1,5,17.4
11233,2,0,0.0
11233,2,1,8.0
11233,2,2,15.395604395604396
11233,2,3,18.06
11233,2,4,19.785714285714285
11233,2,5,18.2
11233,2,8,0.0
11233,3,0,1.0
11233,3,1,22.0
11233,3,3,12.473684210526315
11233,3,4,16.76923076923077
11233,3,5,17.833333333333332
11233,3,7,19.0
11233,3,8,11.0
11233,4,3,30.0
11233,4,4,0.0
11233,4,5,23.6
11233,4,6,7.333333333333333
11233,4,7,30.0
11233,4,9,21.0
11233,5,3,4.0
11233,5,5,24.0
11233,5,7,21.0
11233,6,6,9.0
11233,9,16,0.0
11234,0,0,25.0
11234,0,1,13.875
11234,0,2,17.0
11234,1,0,27.0
11234,1,1,16.72
11234,1,2,15.75
11234,1,3,11.0
11234,1,4,17.0
11234,2,2,17.416666666666668
11234,2,3,24.75
11234,2,4,0.0
11234,3,1,24.0
11234,3,3,30.0
11234,3,4,17.666666666666668
11234,3,6,0.0
11234,4,4,30.0
11234,4,6,29.0
11234,4,12,30.0
11235,0,0,28.0
11235,0,1,8.0
11235,0,2,21.4
11235,0,3,24.0
11235,1,0,14.5
11235,1,1,13.181818181818182
11235,1,2,13.03125
11235,1,3,14.75
11235,1,5,0.0
11235,2,0,22.0
11235,2,1,11.0
11235,2,2,23.0
11235,2,3,22.333333333333332
11235,2,4,3.5
11235,2,5,30.0
11235,2,7,30.0
11235,3,1,28.0
11235,3,2,29.0
11235,3,3,11.333333333333334
11235,3,4,17.25
11235,3,5,30.0
11235,4,0,30.0
11235,4,7,30.0
11236,0,0,29.0
11236,0,1,17.5
11236,0,2,21.75
11236,1,0,19.333333333333332
11236,1,1,19.666666666666668
11236,1,2,22.428571428571427
11236,1,3,20.625
11236,1,4,22.0
11236,1,6,12.0
11236,2,0,30.0
11236,2,1,30.0
11236,2,2,20.225806451612904
11236,2,3,22.11111111111111
11236,2,5,22.0
11236,2,6,16.0
11236,3,0,9.0
11236,3,3,21.444444444444443
11236,3,4,23.333333333333332
11236,3,5,30.0
11236,3,6,20.0
11236,3,7,28.0
11236,3,8,25.0
11236,4,4,25.0
11237,0,0,9.333333333333334
11237,0,1,9.733333333333333
11237,0,2,10.4
11237,0,3,0.0
11237,1,0,14.541666666666666
11237,1,1,7.027742749054225
11237,1,2,7.373333333333333
11237,1,3,18.444444444444443
11237,1,4,26.0
11237,1,6,22.5
11237,2,0,29.0
11237,2,1,5.75
11237,2,2,8.30188679245283
11237,2,3,13.4375
11237,2,4,9.8
11237,2,5,29.0
11237,2,6,30.0
11237,3,1,0.0
11237,3,2,0.0
11237,3,3,14.857142857142858
11237,3,4,25.25
11237,3,5,7.5
11237,4,1,0.0
11237,6,7,9.0
11237,8,9,3.0
11238,0,0,12.11111111111111
11238,0,1,5.0344827586206895
11238,0,2,4.916666666666667
11238,0,3,14.0
11238,0,5,7.0
11238,1,0,12.863636363636363
11238,1,1,6.304838709677419
11238,1,2,10.68041237113402
11238,1,3,15.461538461538462
11238,1,4,10.0
11238,1,5,0.0
11238,1,6,4.0
11238,2,0,0.0
11238,2,1,3.0
11238,2,2,5.3
11238,2,3,11.416666666666666
11238,2,4,9.857142857142858
11238,2,6,0.0
11238,2,14,10.0
11238,3,1,0.0
11238,3,2,0.0
11238,3,3,7.48
11238,3,4,1.0666666666666667
11238,3,5,0.0
11238,3,6,8.6
11238,4,3,0.0
11238,4,4,5.4
11238,4,5,12.714285714285714
11238,4,6,21.0
11238,5,5,0.0
11238,5,6,0.0
11238,5,8,29.0
11238,5,11,21.0
11238,6,1,0.0
11239,1,0,16.0
11239,1,1,0.0
11243,2,2,23.0
11249,0,0,19.0
11249,0,1,3.2941176470588234
11249,0,2,2.7142857142857144
11249,0,3,0.0
11249,1,0,11.2
11249,1,1,7.160919540229885
11249,1,2,8.725806451612904
11249,1,3,13.714285714285714
11249,1,4,9.5
11249,2,0,0.0
11249,2,1,4.142857142857143
11249,2,2,7.818181818181818
11249,2,3,10.6
11249,2,4,6.5
11249,2,5,0.0
11249,3,1,9.0
11249,3,2,27.0
11249,3,3,10.875
11249,3,4,16.166666666666668
11249,3,5,10.0
11249,4,1,0.0
11249,4,2,30.0
11249,4,4,0.0
11249,4,6,11.0
11249,4,7,0.0
11354,1,0,15.0
11354,1,1,18.705882352941178
11354,1,2,22.6875
11354,1,4,0.0
11354,2,2,14.666666666666666
11354,2,3,20.5
11354,2,4,1.0
11354,3,4,0.0
11354,4,4,0.0
11354,4,6,28.0
11354,4,9,30.0
11354,4,10,4.0
11355,0,0,0.0
11355,0,1,29.0
11355,0,2,20.571428571428573
11355,1,0,21.25
11355,1,1,20.77639751552795
11355,1,2,20.296296296296298
11355,1,3,15.25
11355,1,4,6.0
11355,1,5,21.0
11355,1,8,29.0
11355,2,1,0.0
11355,2,2,18.75
11355,2,3,12.4
11355,2,4,24.5
11355,2,5,25.5
11355,3,0,30.0
11355,3,3,13.0
11355,3,4,1.3333333333333333
11355,3,6,19.0
11355,4,4,30.0
11355,4,6,30.0
11355,4,7,12.0
11355,5,0,29.0
11355,5,6,27.0
11356,0,1,28.0
11356,0,2,3.5
11356,1,0,29.0
11356,1,1,21.272727272727273
11356,1,2,14.0
11356,1,5,6.0
11356,2,2,16.0
11356,2,3,14.0
11356,3,0,30.0
11356,3,4,0.0
11357,0,1,0.0
11357,1,1,22.714285714285715
11357,1,2,9.666666666666666
11357,1,3,13.0
11357,2,2,27.0
11357,3,3,27.0
11358,1,0,21.5
11358,1,1,9.484848484848484
11358,1,2,12.833333333333334
11358,1,3,5.0
11358,2,2,10.833333333333334
11358,2,3,26.0
11358,3,3,28.0
11358,3,4,0.0
11358,3,5,6.0
11358,4,4,25.5
11358,4,5,30.0
11358,6,8,21.0
11358,8,11,27.0
11358,10,12,21.0
11360,1,1,12.6
11360,1,2,0.0
11360,3,3,29.0
11360,4,4,13.0
11360,6,10,16.0
11360,6,11,30.0
11361,1,0,30.0
11361,1,1,27.08
11361,1,2,21.857142857142858
11361,2,1,0.0
11361,3,1,0.0
11361,3,2,0.0
11361,3,3,16.25
11361,4,3,27.0
11362,0,2,0.0
11362,1,0,28.0
11362,1,1,15.0
11362,1,2,14.0
11362,2,0,1.0
11362,3,5,21.0
11363,1,1,4.5
11363,2,2,30.0
11363,2,3,4.0
11364,1,1,16.6
11364,1,2,22.2
11364,2,2,23.0
11364,3,4,15.0
11365,0,1,29.0
11365,1,1,14.37037037037037
11365,1,2,10.0
11365,2,2,16.666666666666668
11365,2,4,30.0
11365,2,7,29.0
11365,3,3,14.5
11365,3,4,15.0
11366,0,1,21.0
11366,1,1,11.266666666666667
11366,1,2,6.0
11366,1,3,22.0
11366,5,12,30.0
11367,0,2,2.0
11367,0,5,0.0
11367,1,1,14.115384615384615
11367,1,2,8.8
11367,1,3,17.0
11367,2,2,0.0
11367,2,3,29.5
11367,3,4,12.0
11367,4,4,26.0
11368,0,1,6.333333333333333
11368,0,2,24.0
11368,1,0,15.666666666666666
11368,1,1,15.720588235294118
11368,1,2,17.857142857142858
11368,1,3,25.5
11368,1,5,29.0
11368,2,1,29.5
11368,2,2,17.75
11368,2,4,27.0
11368,3,3,30.0
11368,3,4,0.0
11368,3,8,13.0
11368,5,6,21.0
11369,0,0,9.5
11369,0,1,9.166666666666666
11369,0,2,12.0
11369,0,3,0.0
11369,1,0,30.0
11369,1,1,19.818181818181817
11369,1,2,14.53125
11369,1,3,23.0
11369,1,4,11.0
11369,1,5,30.0
11369,2,2,16.166666666666668
11369,2,3,23.5
11369,2,4,18.714285714285715
11369,2,5,12.0
11369,3,3,26.5
11369,3,4,12.0
11369,3,5,13.0
11369,3,8,30.0
11369,4,5,21.0
11369,4,7,20.0
11370,0,1,10.0
11370,0,2,21.75
11370,1,0,29.0
11370,1,1,13.923076923076923
11370,1,2,7.5
11370,1,3,14.0
11370,1,4,15.0
11370,2,1,0.0
11370,2,2,16.0
11370,2,3,25.2
11370,2,4,30.0
11370,2,7,28.0
11370,3,3,15.0
11370,3,4,15.5
11370,3,6,21.0
11372,0,0,25.0
11372,0,1,12.285714285714286
11372,0,2,11.0
11372,0,3,0.0
11372,1,0,17.5
11372,1,1,10.541666666666666
11372,1,2,13.80952380952381
11372,1,3,18.0
11372,2,2,14.555555555555555
11372,2,3,17.4
11372,2,4,23.5
11372,3,3,16.0
11372,3,4,22.0
11373,0,1,7.5
11373,0,2,12.666666666666666
11373,0,3,28.5
11373,1,0,21.41176470588235
11373,1,1,10.602272727272727
11373,1,2,17.022727272727273
11373,1,3,22.77777777777778
11373,1,4,30.0
11373,2,0,29.0
11373,2,2,15.916666666666666
11373,2,3,17.875
11373,2,4,19.666666666666668
11373,2,5,28.5
11373,3,3,18.6
11373,3,4,21.0
11373,3,5,19.5
11373,3,6,23.0
11373,4,5,16.0
11374,0,0,30.0
11374,0,1,28.0
11374,0,2,17.666666666666668
11374,0,3,18.5
11374,1,0,8.875
11374,1,1,10.0
11374,1,2,17.941176470588236
11374,1,3,19.375
11374,1,4,1.0
11374,2,2,15.166666666666666
11374,2,3,26.0
11374,2,6,9.0
11374,3,4,13.0
11374,3,7,30.0
11374,4,5,20.0
11374,4,7,28.0
11375,0,0,7.0
11375,0,1,6.7272727272727275
11375,0,2,10.0
11375,0,3,30.0
11375,1,0,28.0
11375,1,1,12.709090909090909
11375,1,2,10.277777777777779
11375,1,3,7.0
11375,1,4,29.5
11375,1,5,30.0
11375,2,1,10.0
11375,2,2,15.833333333333334
11375,2,3,8.0
11375,2,4,19.0
11375,3,3,14.5
11375,3,4,13.5
11375,3,5,29.0
11375,3,6,6.0
11375,4,4,12.0
11375,6,7,0.0
11377,0,0,0.0
11377,0,1,3.75
11377,0,2,27.0
11377,1,0,19.066666666666666
11377,1,1,11.11111111111111
11377,1,2,12.274193548387096
11377,1,3,12.6
11377,1,4,23.0
11377,1,5,13.0
11377,1,6,15.0
11377,2,1,0.0
11377,2,2,13.266666666666667
11377,2,3,19.416666666666668
11377,2,4,13.75
11377,2,5,24.5
11377,2,6,14.0
11377,2,7,24.0
11377,3,0,1.0
11377,3,1,0.0
11377,3,3,19.571428571428573
11377,3,4,19.428571428571427
11377,3,5,21.6
11377,3,6,3.0
11377,4,4,12.0
11378,0,1,13.0
11378,1,0,1.0
11378,1,1,13.864864864864865
11378,1,2,16.7
11378,1,3,23.0
11378,1,5,30.0
11378,2,0,7.0
11378,2,1,20.0
11378,2,2,15.333333333333334
11378,2,3,28.25
11378,2,4,22.5
11378,2,5,30.0
11378,3,3,12.0
11378,3,4,21.5
11378,3,5,10.333333333333334
11378,4,4,29.0
11378,5,8,29.0
11379,0,0,19.0
11379,0,1,22.666666666666668
11379,0,2,30.0
11379,0,3,28.333333333333332
11379,1,0,27.5
11379,1,1,13.8
11379,1,2,11.714285714285714
11379,1,3,29.0
11379,1,4,0.0
11379,2,1,12.0
11379,2,2,29.0
11379,3,3,15.0
11379,3,5,23.0
11379,3,7,19.0
11379,4,8,30.0
11385,0,0,29.0
11385,0,1,7.8125
11385,0,2,24.0
11385,0,3,0.0
11385,1,0,12.9375
11385,1,1,10.277978339350181
11385,1,2,9.803571428571429
11385,1,3,8.5
11385,1,4,11.666666666666666
11385,1,6,0.0
11385,2,1,4.25
11385,2,2,12.057142857142857
11385,2,3,14.76923076923077
11385,2,4,24.142857142857142
11385,2,5,16.0
11385,3,0,30.0
11385,3,1,15.0
11385,3,2,0.5
11385,3,3,0.0
11385,3,4,14.25
11385,3,5,25.5
11385,4,1,0.0
11385,4,4,26.5
11385,4,5,18.0
11385,5,10,30.0
11385,5,11,30.0
11385,9,1,28.0
11411,1,0,29.0
11411,1,1,14.875
11411,1,2,14.5
11411,2,2,27.0
11411,2,3,20.5
11411,2,4,11.0
11411,3,3,27.0
11411,3,5,16.0
11412,0,1,29.0
11412,0,2,0.0
11412,1,0,8.0
11412,1,1,20.53846153846154
11412,1,2,13.777777777777779
11412,1,3,26.0
11412,1,4,30.0
11412,2,1,0.0
11412,2,2,16.444444444444443
11412,2,3,27.0
11412,2,6,0.0
11412,3,3,20.25
11412,3,4,22.0
11412,3,5,19.0
11412,3,7,29.0
11412,4,5,29.0
11412,6,12,29.0
11413,0,0,28.0
11413,0,1,21.0
11413,1,0,2.0
11413,1,1,17.84
11413,1,2,17.25
11413,1,3,30.0
11413,1,4,28.0
11413,2,1,28.0
11413,2,2,11.666666666666666
11413,2,3,6.75
11413,3,3,21.444444444444443
11413,3,4,19.0
11413,3,5,30.0
11413,4,6,17.0
11414,1,1,17.470588235294116
11414,1,2,0.0
11414,1,4,0.0
11414,2,3,15.666666666666666
11414,3,3,25.0
11414,3,6,30.0
11415,0,1,11.0
11415,1,1,15.9
11415,1,2,17.857142857142858
11415,1,4,30.0
11415,1,6,30.0
11415,3,4,0.0
11415,3,6,23.0
11416,0,0,0.0
11416,0,1,8.0
11416,1,0,29.0
11416,1,1,12.846153846153847
11416,1,2,1.0
11416,2,2,5.0
11416,3,3,19.333333333333332
11417,0,1,6.5
11417,0,2,8.666666666666666
11417,1,0,15.0
11417,1,1,19.470588235294116
11417,1,2,22.285714285714285
11417,1,3,23.5
11417,2,0,29.0
11417,2,2,3.2
11417,2,3,5.0
11417,2,4,17.0
11417,3,3,30.0
11417,3,5,15.0
11417,4,6,24.0
11418,0,0,29.0
11418,0,1,14.5
11418,1,0,14.666666666666666
11418,1,1,10.033333333333333
11418,1,2,11.5
11418,1,3,0.0
11418,2,2,17.5
11418,2,3,13.6
11418,2,4,21.5
11418,3,0,28.0
11418,3,4,19.666666666666668
11418,4,4,24.0
11419,0,1,20.666666666666668
11419,1,0,29.0
11419,1,1,6.2727272727272725
11419,1,2,16.666666666666668
11419,1,3,17.0
11419,2,2,15.0
11419,2,4,0.0
11419,3,3,8.5
11419,3,4,15.0
11420,1,1,17.7
11420,1,4,30.0
11420,2,2,26.5
11420,2,6,29.0
11420,3,0,0.0
11420,3,3,11.333333333333334
11421,0,0,29.0
11421,0,1,24.5
11421,0,2,0.0
11421,1,0,20.5
11421,1,1,14.516666666666667
11421,1,2,13.4
11421,1,3,24.0
11421,2,2,5.333333333333333
11421,2,3,28.0
11421,3,3,14.333333333333334
11421,3,4,6.8
11421,3,5,4.0
11422,0,1,27.0
11422,1,0,16.5
11422,1,1,19.627906976744185
11422,1,2,16.875
11422,1,3,27.0
11422,2,2,23.0
11422,2,3,24.5
11422,2,5,28.0
11422,3,1,30.0
11422,3,3,20.8
11422,3,5,0.0
11422,3,6,30.0
11422,4,5,29.0
11423,1,1,13.727272727272727
11423,1,2,0.0
11423,2,1,29.0
11423,2,3,30.0
11423,3,3,29.0
11423,3,4,22.0
11423,4,8,29.0
11423,4,10,29.0
11426,1,1,14.5
11426,2,2,30.0
11427,0,1,30.0
11427,1,0,0.0
11427,1,1,8.9
11427,1,2,0.0
11427,1,3,0.0
11427,2,2,30.0
11427,2,3,0.0
11427,3,3,0.0
11427,3,4,30.0
11427,4,4,30.0
11428,1,1,19.444444444444443
11428,1,2,0.0
11428,2,2,30.0
11428,3,3,18.0
11429,0,1,18.0
11429,1,1,14.565217391304348
11429,1,2,24.833333333333332
11429,1,3,16.0
11429,2,2,18.0
11429,3,3,20.666666666666668
11429,3,4,29.0
11432,0,0,0.0
11432,0,1,26.0
11432,0,2,15.0
11432,1,0,6.0
11432,1,1,22.714285714285715
11432,1,2,15.545454545454545
11432,2,0,29.0
11432,2,4,8.5
11432,2,5,22.0
11432,3,3,30.0
11432,3,4,24.0
11432,3,5,30.0
11432,4,5,26.0
11432,4,6,16.5
11432,4,7,22.5
11432,4,8,24.0
11432,4,9,26.0
11432,5,6,26.0
11432,5,9,4.0
11433,0,1,28.333333333333332
11433,0,2,0.5
11433,1,0,9.5
11433,1,1,13.476190476190476
11433,1,2,16.8
11433,1,3,12.0
11433,2,3,26.0
11433,2,5,25.0
11433,3,3,28.0
11433,3,4,30.0
11433,3,5,19.0
11434,0,1,19.0
11434,0,2,27.0
11434,0,4,28.0
11434,1,0,29.0
11434,1,1,21.61111111111111
11434,1,2,17.38888888888889
11434,1,3,27.0
11434,1,4,21.8
11434,1,11,26.0
11434,2,2,18.09090909090909
11434,2,3,23.0
11434,3,3,22.125
11434,3,4,19.666666666666668
11434,3,5,28.0
11434,3,6,23.0
11434,3,7,15.666666666666666
11434,3,11,20.0
11434,4,12,27.0
11435,0,0,28.0
11435,0,1,18.6
11435,1,0,28.0
11435,1,1,15.69767441860465
11435,1,2,17.2
11435,1,3,18.0
11435,2,2,25.5
11435,2,3,17.0
11435,3,3,19.0
11435,3,4,29.0
11435,4,3,0.0
11435,6,6,13.0
11436,0,1,26.0
11436,0,2,13.666666666666666
11436,1,0,0.0
11436,1,1,22.666666666666668
11436,1,2,25.714285714285715
11436,1,3,23.666666666666668
11436,2,2,12.5
11436,2,5,15.0
11436,3,3,13.0
11436,3,4,26.0
11436,4,7,20.0
11559,2,2,25.0
11559,3,3,18.0
11691,0,1,27.0
11691,1,0,23.6
11691,1,1,18.06896551724138
11691,1,2,20.0
11691,2,2,26.333333333333332
11691,2,3,14.75
11691,2,4,30.0
11691,2,6,30.0
11691,3,3,26.0
11691,3,4,30.0
11691,4,4,29.5
11692,0,3,30.0
11692,1,1,20.06896551724138
11692,1,2,14.307692307692308
11692,1,3,10.0
11692,1,4,8.0
11692,2,0,26.0
11692,2,2,18.5
11692,2,3,11.75
11692,2,4,22.333333333333332
11692,3,3,28.5
11692,3,4,29.333333333333332
11692,3,5,28.666666666666668
11692,3,6,0.0
11692,4,5,26.5
11692,4,7,29.0
11692,5,8,23.0
11693,0,0,23.0
11693,0,1,15.0
11693,0,2,26.0
11693,0,3,30.0
11693,1,0,29.5
11693,1,1,18.6875
11693,1,2,9.333333333333334
11693,1,3,12.0
11693,2,2,15.833333333333334
11693,2,3,29.666666666666668
11693,2,4,22.0
11693,2,5,26.5
11693,3,3,6.0
11693,3,4,8.5
11693,3,5,28.0
11693,5,7,11.0
11694,1,1,16.2
11694,2,2,29.0
11694,2,4,29.0
11694,4,4,0.0
